Text,Image
The quick brown fox jump over the lazy dog.,SentencePictures\Sentence_001.jpg
Pack my box with five dozen liquor jugs.,SentencePictures\Sentence_002.jpg
How vexingly quick daft zebras jump.,SentencePictures\Sentence_003.jpg
Jaded zombies acted with a quaint fury.,SentencePictures\Sentence_004.jpg
Cozy sphinxes moved with quiet jumps.,SentencePictures\Sentence_005.jpg
The five boxing wizards jump quickly.,SentencePictures\Sentence_006.jpg
The job requires a good knowledge of a variety of techniques.,SentencePictures\Sentence_007.jpg
My mind has been playing tricks on me all day.,SentencePictures\Sentence_008.jpg
This is a perfect example of a simple but effective design.,SentencePictures\Sentence_009.jpg
The only way to get a good night's sleep is to relax before bed.,SentencePictures\Sentence_010.jpg
"Sphinx of black quartz, judge my vow.",SentencePictures\Sentence_011.jpg
The wizard's quick jump saved the vexed dwarf.,SentencePictures\Sentence_012.jpg
Brightly colored kites flew high in the sky.,SentencePictures\Sentence_013.jpg
The antique clock chimed exactly on the hour.,SentencePictures\Sentence_014.jpg
A quiet evening at home is just what I needed.,SentencePictures\Sentence_015.jpg
She quietly practiced her piano every night.,SentencePictures\Sentence_016.jpg
Please pass me the salt and pepper shakers.,SentencePictures\Sentence_017.jpg
The beautiful sunset painted the sky in shades of orange.,SentencePictures\Sentence_018.jpg
He quickly gathered his belongings and left the room.,SentencePictures\Sentence_019.jpg
Can you recommend a good book to read?,SentencePictures\Sentence_020.jpg
The bustling market was filled with interesting sights and sounds.,SentencePictures\Sentence_021.jpg
I need to write a quick note before I forget.,SentencePictures\Sentence_022.jpg
Learning a new skill takes time and patience.,SentencePictures\Sentence_023.jpg
"The old bridge spanned the deep, winding river.",SentencePictures\Sentence_024.jpg